{"cameraMode":{"drawMode":0,"name":"Shaded","section":"Shading Mode"},"sceneLighting":true,"audioPlay":false,"sceneViewState":{"showFog":true,"showMaterialUpdate":false,"showSkybox":true,"showFlares":true,"showImageEffects":true,"showParticleSystems":true,"showVisualEffectGraphs":true,"m_FxEnabled":true},"in2DMode":false,"pivot":{"x":2.985092878341675,"y":0.6263006925582886,"z":2.1951260566711427},"rotation":{"x":0.03532063961029053,"y":0.19217051565647126,"z":-0.00692072045058012,"w":0.9807044267654419},"size":2.850996494293213,"orthographic":false}