{"cameraMode":{"drawMode":0,"name":"Shaded","section":"Shading Mode"},"sceneLighting":true,"audioPlay":false,"sceneViewState":{"showFog":true,"showMaterialUpdate":false,"showSkybox":true,"showFlares":true,"showImageEffects":true,"showParticleSystems":true,"showVisualEffectGraphs":true,"m_FxEnabled":false},"in2DMode":false,"pivot":{"x":1047.1329345703125,"y":546.2221069335938,"z":68.14413452148438},"rotation":{"x":0.031494561582803729,"y":0.004497597459703684,"z":-0.00014145024761091918,"w":0.9994979500770569},"size":269.856689453125,"orthographic":false}