{"cameraMode":{"drawMode":0,"name":"Shaded","section":"Shading Mode"},"sceneLighting":true,"audioPlay":false,"sceneViewState":{"showFog":true,"showMaterialUpdate":false,"showSkybox":true,"showFlares":true,"showImageEffects":true,"showParticleSystems":true,"showVisualEffectGraphs":true,"m_FxEnabled":true},"in2DMode":false,"pivot":{"x":2.226767063140869,"y":0.9979503154754639,"z":0.9331784248352051},"rotation":{"x":-0.020994503051042558,"y":0.0194944329559803,"z":0.00040982544305734336,"w":0.9995912909507752},"size":3.324744939804077,"orthographic":false}